DATE,CODE,PUBLISHER,TITLE,PRICE
03/22/23,JAN231275,A WAVE BLUE WORLD,Tower #2 (Of 5)(Cover A Loyiso Mkize & Andrew Dalhouse),$4.99 
03/22/23,JAN231276,A WAVE BLUE WORLD,Tower #2 (Of 5)(Cover B Loyiso Mkize & Andrew Dalhouse Virgin Variant)(not verified by Diamond Distribution),AR
03/22/23,JAN231145,ABRAMS COMICARTS,Marvel Value Stamps A Visual History HC,$29.99 
03/22/23,JAN231155,ACONYTE,Marvel Heroines Novel Silver Sable Payback SC,$16.95 
03/22/23,JAN231222,AMULET BOOKS,Batcat Volume 1 GN,$13.99 
03/22/23,JAN231226,ANDREWS MCMEEL,Bright Family Volume 2 Family Vacation GN,$12.99
03/22/23,JAN231227,ANDREWS MCMEEL,Bright Family Volume 2 Family Vacation HC,$21.99 
03/22/23,NOV221276,ANTARCTIC PRESS,Exciting Comics #32,$4.99 
03/22/23,APR221244,ANTARCTIC PRESS,Gold Digger #296,$3.99 
03/22/23,OCT221386,ANTARCTIC PRESS,Ninja High School #186,$4.99 
03/22/23,DEC221129,ANTARCTIC PRESS,Spectreman Heroes #5 (Of 5)(Cover A Hiroshi Kanatani),$4.99 
03/22/23,DEC221130,ANTARCTIC PRESS,Spectreman Heroes #5 (Of 5)(Cover B Jeff Zornow),$9.99 
03/22/23,JAN231231,ARCHIE COMIC PUBLICATIONS,Archie Decades The 1960s TP,$11.99 
03/22/23,JAN231229,ARCHIE COMIC PUBLICATIONS,Chilling Adventures Presents Pop's Chock'lit Shoppe Of Horrors #1 (One Shot)(Cover A Adam Gorham),$3.99 
03/22/23,JAN231230,ARCHIE COMIC PUBLICATIONS,Chilling Adventures Presents Pop's Chock'lit Shoppe Of Horrors #1 (One Shot)(Cover B Francesco Francavilla),$3.99 
03/22/23,NOV221293,ASPEN COMICS,Batman #125 Cover A & D Michael Turner Set,$59.99 
03/22/23,JAN231274,ATRIA BOOKS,Ringmaster Vince McMahon And The Unmaking Of America HC,$29.99 
03/22/23,FEB231200,AVATAR PRESS,Crossed Badlands Art Deco Covers Bag Set A (5 Count),$19.99
03/22/23,FEB231201,AVATAR PRESS,Crossed Badlands Art Deco Covers Bag Set B (5 Count),$19.99
03/22/23,FEB231202,AVATAR PRESS,Crossed Badlands Art Deco Covers Bag Set C (5 Count),$19.99
03/22/23,FEB231203,AVATAR PRESS,Crossed Badlands Art Deco Covers Bag Set D (5 Count),$19.99
03/22/23,FEB231204,AVATAR PRESS,Crossed Badlands Art Deco Covers Bag Set E (5 Count),$19.99
03/22/23,FEB231205,AVATAR PRESS,Crossed Badlands Art Deco Covers Bag Set F (5 Count),$19.99
03/22/23,FEB231196,AVATAR PRESS,Escape Of The Living Dead Nightmares Covers Bag Set (5 Count),$19.99
03/22/23,FEB231198,AVATAR PRESS,Garth Ennis 303 Platinum Foil Covers Bag Set (6 Count),$19.99 
03/22/23,FEB231195,AVATAR PRESS,Living Dead Leather Covers Bag Set (3 Count),$24.99
03/22/23,FEB231194,AVATAR PRESS,Night Of The Living Dead Rotting Covers Bag Set (5 Count),$19.99
03/22/23,FEB231242,AVATAR PRESS,Ravening Bloody Covers Bag Set (5 Count),$19.99
03/22/23,FEB231199,AVATAR PRESS,Streets Of Glory Platinum Foil Covers Bag Set (6 Count),$19.99
03/22/23,FEB231197,AVATAR PRESS,Uber Terrors Covers Bag Set (5 Count),$19.99
03/22/23,OCT221476,BAD KIDS PRESS,Adventures Of GWF #1 (Cover B Bill Imbrogna Raul The Third Variant),AR
03/22/23,OCT221480,BAD KIDS PRESS,Katie Black Dragon #1 (Cover B David Brame),AR
03/22/23,OCT221482,BAD KIDS PRESS,Stealing Oz #4 (Of 4),$5.99 
03/22/23,FEB231217,BEEHIVE BOOKS,Kwaidan Collection HC,$100.00 
03/22/23,FEB221309,BLACK MASK STUDIOS,Destiny NY #13,$3.99
03/22/23,JAN231389,BLOOD MOON COMICS,Pop-Up #1 (Of 4),$4.99 
03/22/23,NOV220370,BOOM! STUDIOS,Basilisk Volume 3 TP,$14.99
03/22/23,JAN230366,BOOM! STUDIOS,Damn Them All #6 (Of 6)(Cover A Charlie Adlard),$3.99
03/22/23,JAN230367,BOOM! STUDIOS,Damn Them All #6 (Of 6)(Cover B Matias Bergara),$3.99
03/22/23,JAN230368,BOOM! STUDIOS,Damn Them All #6 (Of 6)(Cover C Charlie Adlard Virgin Variant),AR
03/22/23,JAN230369,BOOM! STUDIOS,Damn Them All #6 (Of 6)(Cover D Raul Allen Reveal Black/White/Red Virgin Variant),AR
03/22/23,JAN230370,BOOM! STUDIOS,Damn Them All #6 (Of 6)(Cover E Raul Allen Reveal Variant),AR
03/22/23,JAN230371,BOOM! STUDIOS,Damn Them All #6 (Of 6)(Cover F Matias Bergara Virgin Variant),AR
03/22/23,JAN230376,BOOM! STUDIOS,Dune House Harkonnen #3 (Of 12)(Cover A Raymond Swanland),$4.99
03/22/23,JAN230377,BOOM! STUDIOS,Dune House Harkonnen #3 (Of 12)(Cover B Reiko Murakami),$4.99
03/22/23,JAN230378,BOOM! STUDIOS,Dune House Harkonnen #3 (Of 12)(Cover C Raymond Swanland Virgin Variant),AR
03/22/23,JAN230379,BOOM! STUDIOS,Dune House Harkonnen #3 (Of 12)(Cover D Tiffany Turrill Virgin Variant),AR
03/22/23,JAN230380,BOOM! STUDIOS,Dune House Harkonnen #3 (Of 12)(Cover E Frany Reveal Variant),AR
03/22/23,JAN230381,BOOM! STUDIOS,Dune House Harkonnen #3 (Of 12)(Cover F Frany Reveal Virgin Variant),AR
03/22/23,JAN230372,BOOM! STUDIOS,Grim #9 (Cover A Flaviano),$3.99
03/22/23,JAN230373,BOOM! STUDIOS,Grim #9 (Cover B Justine Florentino Reaper Variant),$3.99
03/22/23,JAN230374,BOOM! STUDIOS,Grim #9 (Cover C Justine Florentino Reaper Black/White/Red Virgin Variant),AR
03/22/23,JAN230375,BOOM! STUDIOS,Grim #9 (Cover D Marco Checchetto Virgin Variant),AR
03/22/23,JAN230382,BOOM! STUDIOS,Mighty Morphin Power Rangers #106 (Cover A Taurin Clarke),$3.99
03/22/23,JAN230383,BOOM! STUDIOS,Mighty Morphin Power Rangers #106 (Cover B G.B. Borea),$3.99
03/22/23,JAN230384,BOOM! STUDIOS,Mighty Morphin Power Rangers #106 (Cover C Bon Bernardo Action Figure Variant),AR
03/22/23,JAN230385,BOOM! STUDIOS,Mighty Morphin Power Rangers #106 (Cover D G.B. Borea Virgin Variant),AR
03/22/23,JAN230386,BOOM! STUDIOS,Mighty Morphin Power Rangers #106 (Cover E Taurin Clarke Virgin Variant),AR
03/22/23,JAN230302,BOOM! STUDIOS,Neighbors #1 (Of 5)(Cover A Miguel Mercado),$4.99
03/22/23,JAN230303,BOOM! STUDIOS,Neighbors #1 (Of 5)(Cover B Ramon K. Perez Homage Variant),$4.99
03/22/23,JAN230304,BOOM! STUDIOS,Neighbors #1 (Of 5)(Cover C Frany Spot UV Variant),$5.99
03/22/23,JAN230305,BOOM! STUDIOS,Neighbors #1 (Of 5)(Cover D Miguel Mercado Virgin Variant),AR
03/22/23,JAN230306,BOOM! STUDIOS,Neighbors #1 (Of 5)(Cover E Fabio Moon Virgin Variant),AR
03/22/23,JAN230307,BOOM! STUDIOS,Neighbors #1 (Of 5)(Cover F Frany Virgin Variant),AR
03/22/23,JAN230308,BOOM! STUDIOS,Neighbors #1 (Of 5)(Cover G Ariela Kristantina BOOM! Studios Guarantee Variant),AR
03/22/23,FEB231236,BOUNDLESS COMICS,Lady Death Amoral Covers Bag Set (5 Count),$19.99
03/22/23,FEB231237,BOUNDLESS COMICS,Lady Death Craven Covers Bag Set (5 Count),$19.99
03/22/23,FEB231235,BOUNDLESS COMICS,Lady Death Daring Covers Bag Set (5 Count),$19.99
03/22/23,FEB231239,BOUNDLESS COMICS,Lady Death Destiny Covers Bag Set (5 Count),$19.99
03/22/23,FEB231240,BOUNDLESS COMICS,Lady Death Ribald Covers Bag Set (5 Count),$19.99
03/22/23,FEB231238,BOUNDLESS COMICS,Lady Death Wanton Covers Bag Set (5 Count),$19.99
03/22/23,FEB231241,BOUNDLESS COMICS,Lookers POV Covers Bag Set (5 Count),$19.99
03/22/23,FEB231246,BOUNDLESS COMICS,Threshold Allure Luscious Covers Bag Set (4 Count),$19.99
03/22/23,FEB231243,BOUNDLESS COMICS,Threshold Allure Pandora Covers Bag Set (4 Count),$19.99
03/22/23,FEB231249,BOUNDLESS COMICS,Threshold Pandora Huntreess Covers Bag Set (4 Count),$19.99
03/22/23,FEB231247,BOUNDLESS COMICS,Threshold Pandora Mythic Covers Bag Set (4 Count),$19.99
03/22/23,FEB231248,BOUNDLESS COMICS,Unholy Gypsy Gold Foil Covers Bag Set (3 Count),$14.99
03/22/23,FEB231244,BOUNDLESS COMICS,Webwitch Tim Vigil Covers Bag Set (5 Count),$19.99
03/22/23,NOV221368,BROADSWORD COMICS,Tarot Witch Of The Black Rose #66 Classic Bundle,$15.00 
03/22/23,JAN231430,COFFIN COMICS,Lady Death Necrotic Genesis #2 (Of 2)(Cover A Diego Bernard),$5.99
03/22/23,JAN231431,COFFIN COMICS,Lady Death Necrotic Genesis #2 (Of 2)(Cover B Collette Turner Deadly Thoughts Variant),$5.99
03/22/23,JAN231432,COFFIN COMICS,Lady Death Necrotic Genesis #2 (Of 2)(Cover C Billy Tucci Premium Foil Variant),$30.00 
03/22/23,JAN231433,COFFIN COMICS,Lady Death Necrotic Genesis #2 (Of 2)(Cover D Richard Ortiz Naughty Variant),$40.00 
03/22/23,JAN231434,COFFIN COMICS,Lady Death Necrotic Genesis #2 (Of 2)(Cover E Mike Debalfo),AR
03/22/23,JAN231435,COFFIN COMICS,Lady Death Treacherous Infamy #1 (Premiere Edition),$25.00
03/22/23,JAN231440,COMIC SHOP NEWS,Comic Shop News #1857,AR
03/22/23,NOV221374,COMICS EXPERIENCE PUBLISHING,Mother 47 #1 (One Shot)(Cover A Clara Meath),$8.99 
03/22/23,NOV221375,COMICS EXPERIENCE PUBLISHING,Mother 47 #1 (One Shot)(Cover B Zach Howard),$8.99 
03/22/23,NOV221376,COMICS EXPERIENCE PUBLISHING,Mother 47 #1 (One Shot)(Cover C Clara Meath Wraparound Variant),$8.99 
03/22/23,NOV221378,COMICS EXPERIENCE PUBLISHING,Sereno #1 (Cover B Agustina Manso),$5.99 
03/22/23,NOV221379,COMICS EXPERIENCE PUBLISHING,Sereno #1 (Cover C Luciano Vecchio),$5.99 
03/22/23,JAN230436,DARK HORSE COMICS,Blue Book #2 (Of 5)(Cover A Michael Avon Oeming),$4.99
03/22/23,JAN230437,DARK HORSE COMICS,Blue Book #2 (Of 5)(Cover B Josh Hixson),$4.99
03/22/23,JAN230438,DARK HORSE COMICS,Blue Book #2 (Of 5)(Cover C Javier Rodriguez Virgin Variant),AR
03/22/23,NOV220450,DARK HORSE COMICS,Colonel Weird And Little Andromeda HC,$29.99 
03/22/23,SEP220502,DARK HORSE COMICS,Existentially Challenged Novel SC,$12.99
03/22/23,JAN230484,DARK HORSE COMICS,Groo Gods Against Groo #4 (Of 4)(Cover A Sergio Aragones),$3.99
03/22/23,NOV220461,DARK HORSE COMICS,Joe Death And The Graven Image TP,$24.99 
03/22/23,NOV220471,DARK HORSE COMICS,Kings Of Nowhere Volume 2 TP,$19.99 
03/22/23,JAN230412,DARK HORSE COMICS,Order And Outrage #1 (Of 4)(Cover A Rags Morales),$4.99
03/22/23,JAN230413,DARK HORSE COMICS,Order And Outrage #1 (Of 4)(Cover B Jim Starlin),$4.99
03/22/23,NOV220485,DARK HORSE COMICS,Overwatch New Blood HC,$24.99
03/22/23,NOV220465,DARK HORSE COMICS,Parasomnia Volume 2 The Dreaming God TP,$19.99
03/22/23,NOV220438,DARK HORSE COMICS,Powers Volume 3 TP,$29.99
03/22/23,NOV220472,DARK HORSE COMICS,Shadow Regent Novel SC,$19.99
03/22/23,NOV220484,DARK HORSE COMICS,Usagi Yojimbo Saga Volume 7 TP (2nd Edition),$29.99 
03/22/23,NOV220478,DARK HORSE COMICS,War Birds TP,$19.99 
03/22/23,1222DC862,DC COMICS,Batman And The Joker The Deadly Duo #4 (Of 7)(2nd Printing Cover A Marc Silvestri),$4.99
03/22/23,0123DC044,DC COMICS,Batman One Bad Day Ra's al Ghul #1 (One Shot)(Cover A Ivan Reis & Danny Miki),$7.99
03/22/23,0123DC045,DC COMICS,Batman One Bad Day Ra's al Ghul #1 (One Shot)(Cover B Jim Lee Scott Williams & Alex Sinclair),$7.99
03/22/23,0123DC046,DC COMICS,Batman One Bad Day Ra's al Ghul #1 (One Shot)(Cover C Bill Sienkiewicz),AR
03/22/23,0123DC047,DC COMICS,Batman One Bad Day Ra's al Ghul #1 (One Shot)(Cover D Bruno Redondo),AR
03/22/23,0123DC048,DC COMICS,Batman One Bad Day Ra's al Ghul #1 (One Shot)(Cover E Brian Bolland),AR
03/22/23,0123DC049,DC COMICS,Batman One Bad Day Ra's al Ghul #1 (One Shot)(Cover F Giuseppe Camuncoli & Arif Prianto Premium Variant),AR
03/22/23,0123DC050,DC COMICS,Batman One Bad Day Ra's al Ghul #1 (One Shot)(Cover G Giuseppe Camuncoli & Arif Prianto Premium Lineup Variant),AR
03/22/23,0123DC129,DC COMICS,Batman Superman World's Finest #13 (Cover A Dan Mora),$3.99
03/22/23,0123DC130,DC COMICS,Batman Superman World's Finest #13 (Cover B Christian Ward Card Stock Variant),$4.99
03/22/23,0123DC131,DC COMICS,Batman Superman World's Finest #13 (Cover C Jesus Merino & Adriano Lucas Shazam Fury Of The Gods Movie Card Stock Variant),$4.99
03/22/23,0123DC132,DC COMICS,Batman Superman World's Finest #13 (Cover D Fico Ossio Card Stock Variant),AR
03/22/23,0123DC133,DC COMICS,Batman Superman World's Finest #13 (Cover E Baldemar Rivas Card Stock Variant),AR
03/22/23,0123DC143,DC COMICS,Black Adam #9 (Of 12)(Cover A Irvin Rodriguez),$3.99
03/22/23,0123DC144,DC COMICS,Black Adam #9 (Of 12)(Cover B Tiago Da Silva Card Stock Variant),$4.99
03/22/23,0123DC145,DC COMICS,Black Adam #9 (Of 12)(Cover C John Giang Card Stock Variant),$4.99
03/22/23,0123DC146,DC COMICS,Black Adam #9 (Of 12)(Cover D Ibrahim Moustafa Card Stock Variant),AR
03/22/23,0123DC151,DC COMICS,Catwoman #53 (Cover A David Nakayama),$3.99
03/22/23,0123DC152,DC COMICS,Catwoman #53 (Cover B Sergio Acuna Card Stock Variant),$4.99
03/22/23,0123DC153,DC COMICS,Catwoman #53 (Cover C Sweeney Boo Card Stock Variant),$4.99
03/22/23,0123DC154,DC COMICS,Catwoman #53 (Cover D Rian Gonzales Card Stock Variant),AR
03/22/23,0123DC155,DC COMICS,Catwoman #53 (Cover E Sweeney Boo Foil Variant),AR
03/22/23,0123DC819,DC COMICS,Catwoman #53 (Cover F Qistina Khalidah International Women's Day Card Stock Variant),AR
03/22/23,1222DC175,DC COMICS,DCeased War Of The Undead Gods #7 (Of 8)(Cover A Howard Porter),$3.99
03/22/23,1222DC176,DC COMICS,DCeased War Of The Undead Gods #7 (Of 8)(Cover B Ben Oliver Homage Card Stock Variant),$4.99
03/22/23,1222DC177,DC COMICS,DCeased War Of The Undead Gods #7 (Of 8)(Cover C Kael Ngu Acetate Card Stock Variant),$4.99
03/22/23,1222DC178,DC COMICS,DCeased War Of The Undead Gods #7 (Of 8)(Cover D Francesco Mattina Card Stock Variant),AR
03/22/23,1222DC179,DC COMICS,DCeased War Of The Undead Gods #7 (Of 8)(Cover E Sun Khamunaki Card Stock Variant),AR
03/22/23,0123DC095,DC COMICS,DC's Legion Of Bloom #1 (One Shot)(Cover A Juan Gedeon),$9.99
03/22/23,0123DC096,DC COMICS,DC's Legion Of Bloom #1 (One Shot)(Cover B Derrick Chew),$9.99
03/22/23,0123DC097,DC COMICS,DC's Legion Of Bloom #1 (One Shot)(Cover C Mike Perkins),$9.99
03/22/23,0123DC098,DC COMICS,DC's Legion Of Bloom #1 (One Shot)(Cover D Vasco Georgiev),AR
03/22/23,0123DC088,DC COMICS,Flash #795 (Cover A Taurin Clarke)(One-Minute War),$3.99
03/22/23,0123DC089,DC COMICS,Flash #795 (Cover B David Nakayama Card Stock Variant)(One-Minute War),$4.99
03/22/23,0123DC090,DC COMICS,Flash #795 (Cover C Marco Dalfonso Card Stock Variant)(One-Minute War),$4.99
03/22/23,0123DC091,DC COMICS,Flash #795 (Cover D Eleonora Carlini Card Stock Variant)(One-Minute War),AR
03/22/23,0123DC092,DC COMICS,Flash #795 (Cover E Taurin Clarke Foil Variant)(One-Minute War),AR
03/22/23,0123DC161,DC COMICS,G.C.P.D. The Blue Wall #6 (Of 6)(Cover A Reiko Murakami),$3.99
03/22/23,0123DC162,DC COMICS,G.C.P.D. The Blue Wall #6 (Of 6)(Cover B Francesco Francavilla Card Stock Variant),$4.99
03/22/23,0123DC166,DC COMICS,Harley Quinn The Animated Series Legion Of Bats #6 (Of 6)(Cover A Yoshi Yoshitani),$3.99
03/22/23,0123DC167,DC COMICS,Harley Quinn The Animated Series Legion Of Bats #6 (Of 6)(Cover B Dan Hipp Card Stock Variant),$4.99
03/22/23,0123DC168,DC COMICS,Harley Quinn The Animated Series Legion Of Bats #6 (Of 6)(Cover C Dominike Domo Stanton Card Stock Variant),AR
03/22/23,1222DC249,DC COMICS,Harley Quinn Volume 3 Verdict HC (2021),$24.99
03/22/23,1222DC863,DC COMICS,Lazarus Planet Next Evolution #1 (One Shot)(2nd Printing Cover A David Marquez),$4.99
03/22/23,1222DC101,DC COMICS,Milestone 30th Anniversary Special #1 (One Shot)(Cover A Denys Cowan),$9.99
03/22/23,1222DC102,DC COMICS,Milestone 30th Anniversary Special #1 (One Shot)(Cover B Nikolas Draper-Ivey),$9.99
03/22/23,1222DC103,DC COMICS,Milestone 30th Anniversary Special #1 (One Shot)(Cover C Christopher Jones),$9.99
03/22/23,1222DC104,DC COMICS,Milestone 30th Anniversary Special #1 (One Shot)(Cover D Scott Jeralds),$9.99
03/22/23,1222DC105,DC COMICS,Milestone 30th Anniversary Special #1 (One Shot)(Cover E Bill Sienkiewicz),AR
03/22/23,1222DC106,DC COMICS,Milestone 30th Anniversary Special #1 (One Shot)(Cover F Nikolas Draper-Ivey Foil Variant),AR
03/22/23,1222DC254,DC COMICS,Multiversity Teen Justice TP,$16.99
03/22/23,0123DC177,DC COMICS,Nightwing #102 (Cover A Bruno Redondo),$4.99
03/22/23,0123DC178,DC COMICS,Nightwing #102 (Cover B Travis Moore Card Stock Variant),$5.99
03/22/23,0123DC179,DC COMICS,Nightwing #102 (Cover C Jamal Campbell Card Stock Variant),$5.99
03/22/23,0123DC180,DC COMICS,Nightwing #102 (Cover D Vasco Georgiev Card Stock Variant),AR
03/22/23,1222DC256,DC COMICS,Power Girl Power Trip TP,$39.99
03/22/23,1222DC257,DC COMICS,Robin Volume 3 Secrets And Shadows TP,$19.99
03/22/23,0123DC012,DC COMICS,Superman #2 (Cover A Jamal Campbell),$4.99
03/22/23,0123DC013,DC COMICS,Superman #2 (Cover B Tony S Daniel Card Stock Variant),$5.99
03/22/23,0123DC014,DC COMICS,Superman #2 (Cover C Gabriel Rodriguez Card Stock Variant),$5.99
03/22/23,0123DC015,DC COMICS,Superman #2 (Cover D Jonboy Meyers Card Stock Variant,$5.99
03/22/23,0123DC016,DC COMICS,Superman #2 (Cover E Nathan Szerdy Card Stock Variant),$5.99
03/22/23,0123DC017,DC COMICS,Superman #2 (Cover F Juanjo Lopez Card Stock Variant),AR
03/22/23,0123DC018,DC COMICS,Superman #2 (Cover G Rahzzah Card Stock Variant),AR
03/22/23,0123DC019,DC COMICS,Superman #2 (Cover H Jamal Campbell Foil Variant),AR
03/22/23,0123DC850,DC COMICS,Superman #2 (Cover I Jamal Campbell Design Card Stock Variant),AR
03/22/23,0123DC102,DC COMICS,Swamp Thing Green Hell #3 (Of 3)(Cover A Doug Mahnke),$6.99
03/22/23,0123DC103,DC COMICS,Swamp Thing Green Hell #3 (Of 3)(Cover B Christian Ward),$6.99
03/22/23,0123DC104,DC COMICS,Swamp Thing Green Hell #3 (Of 3)(Cover C Travel Foreman),AR
03/22/23,0123DC038,DC COMICS,Wonder Woman #797 (Cover A Yanick Paquette)(Revenge Of The Gods),$4.99
03/22/23,0123DC039,DC COMICS,Wonder Woman #797 (Cover B Babs Tarr Card Stock Variant)(Revenge Of The Gods),$5.99
03/22/23,0123DC040,DC COMICS,Wonder Woman #797 (Cover C Joelle Jones Card Stock Variant)(Revenge Of The Gods),$5.99
03/22/23,0123DC041,DC COMICS,Wonder Woman #797 (Cover D Pop Mhan Shazam Fury Of The Gods Movie Card Stock Variant)(Revenge Of The Gods),$5.99
03/22/23,0123DC042,DC COMICS,Wonder Woman #797 (Cover E Zu Orzu Card Stock Variant)(Revenge Of The Gods),AR
03/22/23,0123DC043,DC COMICS,Wonder Woman #797 (Cover F Yanick Paquette Foil Variant)(Revenge Of The Gods),AR
03/22/23,0123DC820,DC COMICS,Wonder Woman #797 (Cover G Jasmin Darnell International Women's Day Card Stock Variant)(Revenge Of The Gods),AR
03/22/23,DEC221809,DIGITAL MANGA DISTRIBUTION,Mr. Mini-Mart GN (New Printing),$14.95 
03/22/23,DEC221256,DRAWN AND QUARTERLY,Harvey Knight's Odyssey GN,$24.95 
03/22/23,NOV221439,DYNAMIC FORCES,Batman Spawn #1 (One Shot)(CGC Graded Edition),AR
03/22/23,SEP221554,DYNAMIC FORCES,Dark Crisis Worlds Without A Justice League Green Lantern #1 (One Shot)(Phillip Kennedy Johnson Signed Edition),AR
03/22/23,JUN221491,DYNAMIC FORCES,Deadly Neighborhood Spider-Man #1 (Of 5)(Rahzzah Signed Edition),AR
03/22/23,JUN221492,DYNAMIC FORCES,Deadly Neighborhood Spider-Man #1 (Of 5)(Rahzzah Silver Signature Edition),AR
03/22/23,DEC221293,DYNAMIC FORCES,Flash #123 Facsimile (CGC Graded Edition),AR
03/22/23,DEC221279,DYNAMIC FORCES,Incredible Hulk #1 Facsimile (CGC Graded Edition),AR
03/22/23,JUN221513,DYNAMIC FORCES,Predator #1 (Rahzzah Signed Edition),AR
03/22/23,JAN230720,DYNAMITE ENTERTAINMENT,Cherish #5 (Cover I Stuart Sayger Virgin Variant),AR
03/22/23,JAN230631,DYNAMITE ENTERTAINMENT,Darkwing Duck #3 (Cover R Lesley Leirix Li Virgin Variant),AR
03/22/23,JAN230632,DYNAMITE ENTERTAINMENT,Darkwing Duck #3 (Cover S Mirka Andolfo Virgin Variant),AR
03/22/23,JAN230557,DYNAMITE ENTERTAINMENT,Dejah Thoris Volume 4 #1 (Cover P Lesley Leirix Li Virgin Variant),AR
03/22/23,JAN230558,DYNAMITE ENTERTAINMENT,Dejah Thoris Volume 4 #1 (Cover Q Joseph Michael Linsner Virgin Variant),AR
03/22/23,DEC220557,DYNAMITE ENTERTAINMENT,Draculina Blood Simple #1 (Cover P Christopher Priest Atlas Signature Edition),AR
03/22/23,JAN230676,DYNAMITE ENTERTAINMENT,Draculina Blood Simple #2 (Cover K Jay Anacleto Virgin Variant),AR
03/22/23,JAN230677,DYNAMITE ENTERTAINMENT,Draculina Blood Simple #2 (Cover L Joseph Michael Linsner Virgin Variant),AR
03/22/23,JAN230638,DYNAMITE ENTERTAINMENT,Gargoyles #4 (Cover A David Nakayama),$3.99
03/22/23,JAN230639,DYNAMITE ENTERTAINMENT,Gargoyles #4 (Cover B Amanda Conner),$3.99
03/22/23,JAN230640,DYNAMITE ENTERTAINMENT,Gargoyles #4 (Cover C Lucio Parrillo),$3.99
03/22/23,JAN230641,DYNAMITE ENTERTAINMENT,Gargoyles #4 (Cover D Lesley Leirix Li),$3.99
03/22/23,JAN230642,DYNAMITE ENTERTAINMENT,Gargoyles #4 (Cover E Jae Lee),$3.99
03/22/23,JAN230643,DYNAMITE ENTERTAINMENT,Gargoyles #4 (Cover F Tony Fleecs & Trish Forstner),$3.99
03/22/23,JAN230644,DYNAMITE ENTERTAINMENT,Gargoyles #4 (Cover G George Kambadais),AR
03/22/23,JAN230645,DYNAMITE ENTERTAINMENT,Gargoyles #4 (Cover H Amanda Conner Modern Icon Variant),AR
03/22/23,JAN230646,DYNAMITE ENTERTAINMENT,Gargoyles #4 (Cover I David Nakayama Black & White Variant),AR
03/22/23,JAN230647,DYNAMITE ENTERTAINMENT,Gargoyles #4 (Cover J George Kambadais Virgin Variant),AR
03/22/23,JAN230648,DYNAMITE ENTERTAINMENT,Gargoyles #4 (Cover K Action Figure Variant),AR
03/22/23,JAN230649,DYNAMITE ENTERTAINMENT,Gargoyles #4 (Cover L Tony Fleecs & Trish Forstner Virgin Variant),AR
03/22/23,JAN230650,DYNAMITE ENTERTAINMENT,Gargoyles #4 (Cover M Amanda Conner Modern Icon Virgin Variant),AR
03/22/23,JAN230651,DYNAMITE ENTERTAINMENT,Gargoyles #4 (Cover N Lucio Parrillo Virgin Variant),AR
03/22/23,JAN230652,DYNAMITE ENTERTAINMENT,Gargoyles #4 (Cover O Lesley Leirix Li Virgin Variant),AR
03/22/23,JAN230653,DYNAMITE ENTERTAINMENT,Gargoyles #4 (Cover P Jae Lee Virgin Variant),AR
03/22/23,JAN238122,DYNAMITE ENTERTAINMENT,Gargoyles #4 (Cover T Ken Haeser),AR
03/22/23,JAN238123,DYNAMITE ENTERTAINMENT,Gargoyles #4 (Cover U Ken Haeser Line Art Variant),AR
03/22/23,JAN238124,DYNAMITE ENTERTAINMENT,Gargoyles #4 (Cover V Tony Fleecs & Trish Forstner Line Art Variant),AR
03/22/23,JAN238125,DYNAMITE ENTERTAINMENT,Gargoyles #4 (Cover W Jae Lee Line Art Variant),AR
03/22/23,JAN238126,DYNAMITE ENTERTAINMENT,Gargoyles #4 (Cover X Lucio Parrillo Black & White Variant),AR
03/22/23,JAN238127,DYNAMITE ENTERTAINMENT,Gargoyles #4 (Cover Y George Kambadais Black & White Variant),AR
03/22/23,JAN238128,DYNAMITE ENTERTAINMENT,Gargoyles #4 (Cover Z Lesley Leirix Li Black & White Variant),AR
03/22/23,JAN238129,DYNAMITE ENTERTAINMENT,Gargoyles #4 (Cover ZA Ken Haeser Virgin Variant),AR
03/22/23,JAN238130,DYNAMITE ENTERTAINMENT,Gargoyles #4 (Cover ZB Amanda Conner Black & White Variant),AR
03/22/23,DEC220685,DYNAMITE ENTERTAINMENT,Lord Of The Jungle Volume 2 #4 (Cover A Philip Tan),$3.99
03/22/23,DEC220686,DYNAMITE ENTERTAINMENT,Lord Of The Jungle Volume 2 #4 (Cover B Dan Panosian),$3.99
03/22/23,DEC220687,DYNAMITE ENTERTAINMENT,Lord Of The Jungle Volume 2 #4 (Cover C Josh Burns),$3.99
03/22/23,DEC220688,DYNAMITE ENTERTAINMENT,Lord Of The Jungle Volume 2 #4 (Cover D Moritat),$3.99
03/22/23,DEC220689,DYNAMITE ENTERTAINMENT,Lord Of The Jungle Volume 2 #4 (Cover E Roberto de la Torre),$3.99
03/22/23,DEC220690,DYNAMITE ENTERTAINMENT,Lord Of The Jungle Volume 2 #4 (Cover F Dan Panosian Virgin Variant),AR
03/22/23,DEC220691,DYNAMITE ENTERTAINMENT,Lord Of The Jungle Volume 2 #4 (Cover G Roberto de la Torre Virgin Variant),AR
03/22/23,DEC220692,DYNAMITE ENTERTAINMENT,Lord Of The Jungle Volume 2 #4 (Cover H Moritat Virgin Variant),AR
03/22/23,DEC220693,DYNAMITE ENTERTAINMENT,Lord Of The Jungle Volume 2 #4 (Cover I Josh Burns Virgin Variant),AR
03/22/23,DEC228884,DYNAMITE ENTERTAINMENT,Lord Of The Jungle Volume 2 #4 (Cover J Benito Gallego),AR
03/22/23,DEC228885,DYNAMITE ENTERTAINMENT,Lord Of The Jungle Volume 2 #4 (Cover K Benito Gallego Virgin Variant),AR
03/22/23,DEC228886,DYNAMITE ENTERTAINMENT,Lord Of The Jungle Volume 2 #4 (Cover L Philip Tan Virgin Variant),AR
03/22/23,JAN230665,DYNAMITE ENTERTAINMENT,Madballs Vs. Garbage Pail Kids Time Again Slime Again #2 (Cover I Joe Simko Virgin Variant),AR
03/22/23,JAN230731,DYNAMITE ENTERTAINMENT,Red Sonja Hell Sonja #4 (Cover A Joseph Michael Linsner),$3.99
03/22/23,JAN230732,DYNAMITE ENTERTAINMENT,Red Sonja Hell Sonja #4 (Cover B Drew Moss),$3.99
03/22/23,JAN230733,DYNAMITE ENTERTAINMENT,Red Sonja Hell Sonja #4 (Cover C Giorgio Spalletta),$3.99
03/22/23,JAN230734,DYNAMITE ENTERTAINMENT,Red Sonja Hell Sonja #4 (Cover D Rebeca Puebla),$3.99
03/22/23,JAN230735,DYNAMITE ENTERTAINMENT,Red Sonja Hell Sonja #4 (Cover E Rachel Hollon Cosplay Variant),$3.99
03/22/23,JAN230736,DYNAMITE ENTERTAINMENT,Red Sonja Hell Sonja #4 (Cover F Rachel Hollon Cosplay Virgin Variant),AR
03/22/23,JAN230737,DYNAMITE ENTERTAINMENT,Red Sonja Hell Sonja #4 (Cover G Rebeca Puebla Virgin Variant),AR
03/22/23,JAN230738,DYNAMITE ENTERTAINMENT,Red Sonja Hell Sonja #4 (Cover H Drew Moss Virgin Variant),AR
03/22/23,JAN230739,DYNAMITE ENTERTAINMENT,Red Sonja Hell Sonja #4 (Cover I Giorgio Spalletta Virgin Variant),AR
03/22/23,JAN238690,DYNAMITE ENTERTAINMENT,Red Sonja Hell Sonja #4 (Cover K Rebeca Puebla Ultraviolet Variant),AR
03/22/23,JAN238691,DYNAMITE ENTERTAINMENT,Red Sonja Hell Sonja #4 (Cover L Giorgio Spalletta Line Art Variant),AR
03/22/23,JAN238692,DYNAMITE ENTERTAINMENT,Red Sonja Hell Sonja #4 (Cover M Joseph Michael Linsner Line Art Variant),AR
03/22/23,JAN238693,DYNAMITE ENTERTAINMENT,Red Sonja Hell Sonja #4 (Cover N Rebeca Puebla Ultraviolet Variant),AR
03/22/23,JAN238694,DYNAMITE ENTERTAINMENT,Red Sonja Hell Sonja #4 (Cover O Joseph Michael Linsner Fiery Red Line Art Variant),AR
03/22/23,JAN230745,DYNAMITE ENTERTAINMENT,Vampirella Strikes Volume 2 #11 (Cover A Lucio Parrillo),$3.99
03/22/23,JAN230746,DYNAMITE ENTERTAINMENT,Vampirella Strikes Volume 2 #11 (Cover B Stephen Segovia),$3.99
03/22/23,JAN230747,DYNAMITE ENTERTAINMENT,Vampirella Strikes Volume 2 #11 (Cover C Junggeun Yoon),$3.99
03/22/23,JAN230748,DYNAMITE ENTERTAINMENT,Vampirella Strikes Volume 2 #11 (Cover D Jonathan Lau),$3.99
03/22/23,JAN230749,DYNAMITE ENTERTAINMENT,Vampirella Strikes Volume 2 #11 (Cover E Dizzymslizzyy Cosplay Variant),$3.99
03/22/23,JAN230750,DYNAMITE ENTERTAINMENT,Vampirella Strikes Volume 2 #11 (Cover F Bruce Timm Modern Icon Variant),AR
03/22/23,JAN230751,DYNAMITE ENTERTAINMENT,Vampirella Strikes Volume 2 #11 (Cover G Dizzymslizzyy Cosplay Virgin Variant),AR
03/22/23,JAN230752,DYNAMITE ENTERTAINMENT,Vampirella Strikes Volume 2 #11 (Cover H Stephen Segovia Black & White Variant),AR
03/22/23,JAN230753,DYNAMITE ENTERTAINMENT,Vampirella Strikes Volume 2 #11 (Cover I Jonathan Lau Virgin Variant),AR
03/22/23,JAN230754,DYNAMITE ENTERTAINMENT,Vampirella Strikes Volume 2 #11 (Cover J Stephen Segovia Virgin Variant),AR
03/22/23,JAN238695,DYNAMITE ENTERTAINMENT,Vampirella Strikes Volume 2 #11 (Cover M Lucio Parrillo Ultraviolet Variant),AR
03/22/23,JAN238696,DYNAMITE ENTERTAINMENT,Vampirella Strikes Volume 2 #11 (Cover N Lucio Parrillo Tinted Variant),AR
03/22/23,JAN238697,DYNAMITE ENTERTAINMENT,Vampirella Strikes Volume 2 #11 (Cover O Jonathan Lau Black & White Variant),AR
03/22/23,JAN238698,DYNAMITE ENTERTAINMENT,Vampirella Strikes Volume 2 #11 (Cover P Lucio Parrillo Ultraviolet Variant),AR
03/22/23,JAN238699,DYNAMITE ENTERTAINMENT,Vampirella Strikes Volume 2 #11 (Cover Q Bruce Timm Modern Icon Virgin Variant),AR
03/22/23,JAN230767,DYNAMITE ENTERTAINMENT,Vampirella Vs. Red Sonja #5 (Cover K Lucio Parrillo Virgin Variant),AR
03/22/23,JAN231535,FANTAGRAPHICS BOOKS,Ephemera A Memoir HC,$24.99 
03/22/23,JAN231526,FANTAGRAPHICS BOOKS,Tits And Clits 1972-1987 HC,$59.99 
03/22/23,JAN231530,FANTAGRAPHICS BOOKS,Walt Disney's Mickey And Donald For Whom The Doorbell Tolls And Other Tales Inspired By Hemingway HC,$29.99 
03/22/23,JAN231538,FIRST SECOND BOOKS,Belle Of The Ball GN,$17.99 
03/22/23,JAN231539,FIRST SECOND BOOKS,Belle Of The Ball HC,$24.99 
03/22/23,JAN231540,FIRST SECOND BOOKS,In Limbo A Graphic Memoir SC,$17.99 
03/22/23,JAN231542,FIRST SECOND BOOKS,Science Comics The Periodic Table Of Elements Understanding The Building Blocks Of Everything GN,$12.99 
03/22/23,JAN231543,FIRST SECOND BOOKS,Science Comics The Periodic Table Of Elements Understanding The Building Blocks Of Everything HC,$21.99 
03/22/23,JAN231544,FIRST SECOND BOOKS,Travis Daventhorpe For The Win Volume 1 GN,$13.99 
03/22/23,JUN228981,GHOST SHIP,2.5 Dimensional Seduction Volume 5 GN,$13.99 
03/22/23,AUG222175,GHOST SHIP,Do You Like Big Girls Volume 6 GN,$13.99 
03/22/23,JUN228984,GHOST SHIP,It's Just Not My Night Tale Of A Fallen Vampire Queen Volume 3 GN,$13.99 
03/22/23,JAN231567,GRAPHIX,Dog Man Volume 11 Twenty Thousand Fleas Under The Sea GN,$14.99
03/22/23,JAN231568,GRAPHIX,Dog Man Volume 11 Twenty Thousand Fleas Under The Sea HC (With Dustjacket),$24.99
03/22/23,JAN231573,HACHETTE BOOK GROUP,In Every Generation A Slayer Is Born How Buffy Staked Our Hearts SC,$19.99
03/22/23,OCT228660,HUMANOIDS,Pixies Of The Sixties You Really Got Me Now TP (not verified by Diamond Distribution),$22.99 
03/22/23,82771403083900611,IDW PUBLISHING,Earthdivers #6 (Cover A Rafael Albuquerque),$3.99
03/22/23,82771403083900621,IDW PUBLISHING,Earthdivers #6 (Cover B J.J. Lendl),$3.99
03/22/23,82771403083900631,IDW PUBLISHING,Earthdivers #6 (Cover C Aaron Campbell),$3.99
03/22/23,82771403083900641,IDW PUBLISHING,Earthdivers #6 (Cover D Daniel Irizarri),$3.99
03/22/23,82771403143000111,IDW PUBLISHING,Godzilla Best Of King Ghidorah #1 (Cover A James Biggie),$6.99
03/22/23,9781684059690,IDW PUBLISHING,Star Trek Aliens TP,$19.99
03/22/23,82771400271313811,IDW PUBLISHING,Teenage Mutant Ninja Turtles #138 (Cover A Fero Pe),$3.99
03/22/23,82771400271313821,IDW PUBLISHING,Teenage Mutant Ninja Turtles #138 (Cover B Kevin Eastman & Sophie Campbell),$3.99
03/22/23,82771400271313831,IDW PUBLISHING,Teenage Mutant Ninja Turtles #138 (Cover C Taurin Clarke),AR
03/22/23,9781684059645,IDW PUBLISHING,Teenage Mutant Ninja Turtles Reborn Volume 6 Game Changers TP,$16.99
03/22/23,JAN230084,IMAGE COMICS,Creepshow Volume 1 TP,$14.99
03/22/23,JAN230106,IMAGE COMICS,Dead Lucky Volume 1 A Massive-Verse Book TP (Massive-Verse),$9.99
03/22/23,JAN230037,IMAGE COMICS,Dead Romans #1 (Of 6)(Cover A Nick Marinkovich),$3.99
03/22/23,JAN230038,IMAGE COMICS,Dead Romans #1 (Of 6)(Cover B Nick Marinkovich),$3.99
03/22/23,JAN230039,IMAGE COMICS,Dead Romans #1 (Of 6)(Cover C Cary Nord),$3.99
03/22/23,JAN230040,IMAGE COMICS,Dead Romans #1 (Of 6)(Cover D Adam Gorham),$3.99
03/22/23,JAN230041,IMAGE COMICS,Dead Romans #1 (Of 6)(Cover E Nick Marinkovich),$3.99
03/22/23,JAN230042,IMAGE COMICS,Dead Romans #1 (Of 6)(Cover F Blank Variant),$3.99
03/22/23,JAN230220,IMAGE COMICS,Immortal Sergeant #3 (Of 9)(Cover A Ken Niimura),$3.99
03/22/23,JAN230221,IMAGE COMICS,Inferno Girl Red Book One #3 (Of 3)(Cover A Erica D'Urso & Igor Monti)(Massive-Verse),$5.99
03/22/23,JAN230222,IMAGE COMICS,Inferno Girl Red Book One #3 (Of 3)(Cover B Igor Monti)(Massive-Verse),$5.99
03/22/23,JAN230223,IMAGE COMICS,Inferno Girl Red Book One #3 (Of 3)(Cover C Dash O'Brien-Georgeson)(Massive-Verse),$5.99
03/22/23,JAN230224,IMAGE COMICS,Inferno Girl Red Book One #3 (Of 3)(Cover D David Lafuente)(Massive-Verse),AR
03/22/23,JAN230127,IMAGE COMICS,King Spawn Volume 2 TP,$16.99
03/22/23,JAN230247,IMAGE COMICS,Magic Order 4 #3 (Of 6)(Cover A Dike Ruan),$3.99
03/22/23,JAN230248,IMAGE COMICS,Magic Order 4 #3 (Of 6)(Cover B Dike Ruan Black & White Variant),$3.99
03/22/23,JAN230249,IMAGE COMICS,Magic Order 4 #3 (Of 6)(Cover C Dani Strips),$3.99
03/22/23,JAN230252,IMAGE COMICS,Monstress #44 (Cover A Sana Takeda),$3.99
03/22/23,JAN238757,IMAGE COMICS,Nemesis Reloaded #2 (Of 5)(2nd Printing Cover A Jorge Jimenez),$3.99
03/22/23,JAN238758,IMAGE COMICS,Night Club #3 (Of 6)(2nd Printing Cover A Juanan Ramirez),$1.99
03/22/23,JAN230259,IMAGE COMICS,Plush #5 (Of 6)(Cover A Daniel Hillyard & Rico Renzi),$3.99
03/22/23,JAN230260,IMAGE COMICS,Plush #5 (Of 6)(Cover B Tony Fleecs),$3.99
03/22/23,JAN230261,IMAGE COMICS,Plush #5 (Of 6)(Cover C Jorge Corona & Sarah Stern),$3.99
03/22/23,JAN230270,IMAGE COMICS,Scorched #16 (Cover A Mark Spears),$2.99
03/22/23,JAN230271,IMAGE COMICS,Scorched #16 (Cover B Von Randal),$2.99
03/22/23,NOV228350,IMAGE COMICS,Scorched #16 (Cover C Blank Variant),$2.99
03/22/23,JAN230276,IMAGE COMICS,Torrent #2 (Cover A Justin Greenwood & Rico Renzi),$3.99
03/22/23,JAN230277,IMAGE COMICS,Torrent #2 (Cover B Ramon Villalobos),$3.99
03/22/23,JAN230278,IMAGE COMICS,Torrent #2 (Cover C Rick Leonardi & Rico Renzi),$3.99
03/22/23,OCT220229,IMAGE COMICS,Undiscovered Country #24 (Cover A Giuseppe Camuncoli),$3.99
03/22/23,OCT220230,IMAGE COMICS,Undiscovered Country #24 (Cover B Elena Casagrande),$3.99
03/22/23,JAN230283,IMAGE COMICS,Vanish #5 (Cover A Ryan Stegman),$3.99
03/22/23,JAN230284,IMAGE COMICS,Vanish #5 (Cover B Daniel Warren Johnson),$3.99
03/22/23,JAN230285,IMAGE COMICS,Vanish #5 (Cover C Skottie Young),$3.99
03/22/23,JAN230286,IMAGE COMICS,Vanish #5 (Cover D Ryan Stegman Virgin Variant),AR
03/22/23,JAN230287,IMAGE COMICS,Vanish #5 (Cover E Daniel Warren Johnson Virgin Variant),AR
03/22/23,JAN230288,IMAGE COMICS,Vanish #5 (Cover F Daniel Warren Johnson Raw Variant),AR
03/22/23,JAN230289,IMAGE COMICS,Vanish #5 (Cover G Ryan Stegman Raw Variant),AR
03/22/23,JAN230290,IMAGE COMICS,Vanish #5 (Cover H Daniel Warren Johnson Foil Variant),AR
03/22/23,JAN230291,IMAGE COMICS,Vanish #5 (Cover I Ryan Stegman Foil Variant),AR
03/22/23,FEB231530,INKWELL COMICS,Nib #14 Winter 2023,$14.95 
03/22/23,JAN231657,INSIGHT EDITIONS,Alice In Wonderland The Official Cookbook HC,$27.99 
03/22/23,DEC221890,IZE PRESS,Remarried Empress Volume 2 GN,$20.00 
03/22/23,DEC221892,IZE PRESS,Solo Leveling Volume 6 GN,$20.00 
03/22/23,DEC221891,IZE PRESS,Tomb Raider King Volume 2 GN,$20.00 
03/22/23,JAN231669,KEENSPOT ENTERTAINMENT,Kung Fu Legume #5 (Of 5),$5.99 
03/22/23,SEP221784,KENZER AND COMPANY,Knights Of The Dinner Table #302,$6.99 
03/22/23,JAN231677,KNOPF BOOKS FOR YOUNG READERS,Meesh The Bad Demon Volume 1 GN,$13.99 
03/22/23,JAN231678,KNOPF BOOKS FOR YOUNG READERS,Meesh The Bad Demon Volume 1 HC,$21.99 
03/22/23,OCT222180,KODANSHA COMICS,A Condition Called Love Volume 2 GN,$10.99 
03/22/23,OCT222186,KODANSHA COMICS,In The Clear Moonlit Dusk Volume 3 GN,$12.99 
03/22/23,SEP222242,KODANSHA COMICS,Noragami Stray God Omnibus Volume 4 TP (Volumes 10-12),$19.99 
03/22/23,NOV222127,KODANSHA COMICS,Seven Deadly Sins Omnibus Volume 9 TP,$19.99 
03/22/23,OCT222194,KODANSHA COMICS,UQ Holder Volume 28 GN,$10.99 
03/22/23,75960620200302211,MARVEL COMICS,Amazing Spider-Man #22 (Cover A John Romita Jr.),$3.99
03/22/23,75960620200302231,MARVEL COMICS,Amazing Spider-Man #22 (Cover B Chris Bachalo),AR
03/22/23,75960620200302221,MARVEL COMICS,Amazing Spider-Man #22 (Cover C Stefano Caselli Marvel Icon Variant),AR
03/22/23,75960620547900111,MARVEL COMICS,Avengers #9 (Facsimile Edition),$3.99
03/22/23,75960620554700111,MARVEL COMICS,Avengers Rage Of Ultron Marvel Tales #1 (Cover A Nick Bradshaw),$7.99
03/22/23,75960620554700121,MARVEL COMICS,Avengers Rage Of Ultron Marvel Tales #1 (Cover B Nick Bradshaw Virgin Variant),AR
03/22/23,75960620243001111,MARVEL COMICS,Carnage #11 (Cover A Kendrick Kunkka Lim),$3.99
03/22/23,75960620243001131,MARVEL COMICS,Carnage #11 (Cover B Marco Mastrazzo),AR
03/22/23,75960620243001121,MARVEL COMICS,Carnage #11 (Cover C Sergio Davila Planet Of The Apes Variant),AR
03/22/23,75960620534900111,MARVEL COMICS,Doctor Strange #1 (Cover A Alex Ross),$4.99
03/22/23,75960620534900141,MARVEL COMICS,Doctor Strange #1 (Cover B Stefano Caselli Marvel Icon Variant),AR
03/22/23,75960620534900161,MARVEL COMICS,Doctor Strange #1 (Cover C Marco Checchetto),AR
03/22/23,75960620534900151,MARVEL COMICS,Doctor Strange #1 (Cover D Martin Coccolo Stormbreaker Variant),AR
03/22/23,75960620534900171,MARVEL COMICS,Doctor Strange #1 (Cover E Steve Skroce Infinity Saga Phase 3 Variant),AR
03/22/23,75960620534900121,MARVEL COMICS,Doctor Strange #1 (Cover F Alex Ross Timeless Dormammu Virgin Variant),AR
03/22/23,75960620534900131,MARVEL COMICS,Doctor Strange #1 (Cover G Alex Ross Timeless Dormammu Virgin Sketch Variant),AR
03/22/23,9781302950408,MARVEL COMICS,Doctor Strange Epic Collection Volume 8 Triumph And Torment TP,$44.99
03/22/23,9781302951122,MARVEL COMICS,Fantastic Four Epic Collection Volume 19 The Dream Is Dead TP,$44.99
03/22/23,9781302949815,MARVEL COMICS,Guardians Of The Galaxy By Donny Cates TP,$39.99
03/22/23,75960620417500311,MARVEL COMICS,Joe Fixit #3 (Of 5)(Cover A Cully Hamner),$3.99
03/22/23,75960620417500321,MARVEL COMICS,Joe Fixit #3 (Of 5)(Cover B E.M Gist),AR
03/22/23,75960620278201211,MARVEL COMICS,Marauders #12 (Cover A Kim Jacinto),$3.99
03/22/23,75960620278201221,MARVEL COMICS,Marauders #12 (Cover B Kim Jacinto),AR
03/22/23,9781302949235,MARVEL COMICS,Marvel Masterworks Dazzler Volume 4 HC (Book Market Edition),$75.00
03/22/23,9781302949242,MARVEL COMICS,Marvel Masterworks Dazzler Volume 4 HC (Direct Market Variant Edition Volume 339),$75.00
03/22/23,75960620422900411,MARVEL COMICS,Monica Rambeau Photon #4 (Of 5)(Cover A Lucas Werneck),$3.99
03/22/23,75960620422900421,MARVEL COMICS,Monica Rambeau Photon #4 (Of 5)(Cover B Davi Go),AR
03/22/23,9781302947347,MARVEL COMICS,Moon Knight Volume 3 Halfway To Sanity TP,$24.99
03/22/23,9781302932763,MARVEL COMICS,New Mutants Volume 4 TP,$19.99
03/22/23,75960620044301011,MARVEL COMICS,Punisher #10 (Cover A Jesus Saiz),$4.99
03/22/23,75960620044301021,MARVEL COMICS,Punisher #10 (Cover B Kyle Hotz),AR
03/22/23,75960620456400112,MARVEL COMICS,Red Goblin #1 (2nd Printing Cover A Jan Bazaldua),$4.99
03/22/23,75960620502800120,MARVEL COMICS,Red Goblin #1 (2nd Printing Cover B Alexander Lozano),AR
03/22/23,9781302947842,MARVEL COMICS,Savage Avengers By Gerry Duggan Omnibus HC (David Finch Book Market Cover),$100.00
03/22/23,9781302947859,MARVEL COMICS,Savage Avengers By Gerry Duggan Omnibus HC (Mike Deodato Jr. Direct Market Cover),$100.00
03/22/23,75960620084901111,MARVEL COMICS,She-Hulk #11 (Cover A Jen Bartel),$3.99
03/22/23,75960620084901121,MARVEL COMICS,She-Hulk #11 (Cover B Rickie Yagawa),AR
03/22/23,75960620454000511,MARVEL COMICS,Spider-Man The Lost Hunt #5 (Of 5)(Cover A Ryan Brown),$3.99
03/22/23,9781302934620,MARVEL COMICS,Spider-Punk Banned In D.C. TP (Battle Of The Banned?),$15.99
03/22/23,75960609601503211,MARVEL COMICS,Star Wars Darth Vader #32 (Cover A Rahzzah),$3.99
03/22/23,75960609601503221,MARVEL COMICS,Star Wars Darth Vader #32 (Cover B Chris Sprouse Return Of The Jedi 40th Anniversary Variant),AR
03/22/23,75960609601503231,MARVEL COMICS,Star Wars Darth Vader #32 (Cover C Pepe Larraz),AR
03/22/23,75960609601503241,MARVEL COMICS,Star Wars Darth Vader #32 (Cover D Peach Momoko Women's History Variant),AR
03/22/23,75960620533200112,MARVEL COMICS,Storm And The Brotherhood Of Mutants #1 (2nd Printing Cover A Leinil Francis Yu),$3.99
03/22/23,75960620533200211,MARVEL COMICS,Storm And The Brotherhood Of Mutants #2 (Cover A Leinil Francis Yu),$3.99
03/22/23,75960620533200241,MARVEL COMICS,Storm And The Brotherhood Of Mutants #2 (Cover B Ramon Villalobos),AR
03/22/23,75960620533200231,MARVEL COMICS,Storm And The Brotherhood Of Mutants #2 (Cover C Todd Nauck Sins Of Sinister March Connecting Variant),AR
03/22/23,75960620533200251,MARVEL COMICS,Storm And The Brotherhood Of Mutants #2 (Cover D Rickie Yagawa Women's History Month Variant),AR
03/22/23,75960620533200221,MARVEL COMICS,Storm And The Brotherhood Of Mutants #2 (Cover E Jonah Lobe Marvel Anatomy Variant),AR
03/22/23,75960620318500511,MARVEL COMICS,Tiger Division #5 (Of 5)(Cover A Creees Lee),$3.99
03/22/23,75960620318500521,MARVEL COMICS,Tiger Division #5 (Of 5)(Cover B Ron Lim Trading Card Variant),AR
03/22/23,75960620318500531,MARVEL COMICS,Tiger Division #5 (Of 5)(Cover C Betsy Cola),AR
03/22/23,9781302950606,MARVEL COMICS,Unbeatable Squirrel Girl Omnibus HC (Arthur Adams Direct Market Cover),$150.00
03/22/23,9781302950613,MARVEL COMICS,Unbeatable Squirrel Girl Omnibus HC (Erica Henderson Book Market Cover),$150.00
03/22/23,75960620569100311,MARVEL COMICS,Wasp #3 (Of 4)(Cover A Tom Reilly),$3.99
03/22/23,75960620569100321,MARVEL COMICS,Wasp #3 (Of 4)(Cover B Romina Jones),AR
03/22/23,9781302949785,MARVEL COMICS,Wolverine By Benjamin Percy Volume 2 HC,$44.99
03/22/23,75960620607000111,MARVEL COMICS,Women Of Marvel #1 (Cover A Erica D'urso),$5.99
03/22/23,75960620607000131,MARVEL COMICS,Women Of Marvel #1 (Cover B Romina Jones),AR
03/22/23,75960620607000141,MARVEL COMICS,Women Of Marvel #1 (Cover C Marguerite Sauvage),AR
03/22/23,75960620607000151,MARVEL COMICS,Women Of Marvel #1 (Cover D Corin Howell),AR
03/22/23,75960620607000121,MARVEL COMICS,Women Of Marvel #1 (Cover E Stefano Caselli Marvel Icon Variant),AR
03/22/23,75960620336900411,MARVEL COMICS,X-Treme X-Men #4 (Of 5)(Cover A Salvador Larroca),$3.99 
03/22/23,75960620336900441,MARVEL COMICS,X-Treme X-Men #4 (Of 5)(Cover B Dan Panosian Homage Variant),AR
03/22/23,75960620336900421,MARVEL COMICS,X-Treme X-Men #4 (Of 5)(Cover C Salvador Larroca Classic Design Variant),AR
03/22/23,DEC221534,MERCURY COMICS,Hostage Slipcase Volume 1 HC,$49.99 
03/22/23,DEC221535,MOONSTONE,Kolchak Noseferatu Prose Novel SC,$9.99
03/22/23,JAN231722,ONI PRESS,Rick And Morty Vs. Cthulhu #4 (Of 4)(Cover A Troy Little),$3.99
03/22/23,JAN231723,ONI PRESS,Rick And Morty Vs. Cthulhu #4 (Of 4)(Cover B Zander Cannon),$3.99
03/22/23,JAN231724,ONI PRESS,Rick And Morty Vs. Cthulhu #4 (Of 4)(Cover C Ryan Lee),$3.99
03/22/23,NOV221728,OPUS COMICS,Frank Frazetta's Dawn Attack #3 (Of 5)(Cover A Ariel Olivetti),$4.99 
03/22/23,NOV221729,OPUS COMICS,Frank Frazetta's Dawn Attack #3 (Of 5)(Cover B Frank Frazetta),$4.99 
03/22/23,NOV221730,OPUS COMICS,Frank Frazetta's Dawn Attack #3 (Of 5)(Cover C Maria Sanapo),AR
03/22/23,NOV221731,OPUS COMICS,Frank Frazetta's Dawn Attack #3 (Of 5)(Cover D Robert Hack),AR
03/22/23,NOV221732,OPUS COMICS,Frank Frazetta's Dawn Attack #3 (Of 5)(Cover F Robert Hack Virgin Variant),AR
03/22/23,DEC221576,OPUS COMICS,Monsters Of Metal My Bloody Valentine #1 (One Shot)(Cover A Ryan Christensen),$6.66 
03/22/23,DEC221577,OPUS COMICS,Monsters Of Metal My Bloody Valentine #1 (One Shot)(Cover B Axel Medellin),AR
03/22/23,JAN238581,PRINCETON ARCHITECTURAL PRESS,Why You'll Never Find The One And Why It Doesn't Matter SC,$19.95 
03/22/23,JAN231763,RAMPART PRESS,War Party #3 (Of 7),$3.99
03/22/23,JAN231764,RANDOM HOUSE BOOKS FOR YOUNG READERS,Pacey Packer Unicorn Tracker Volume 1 GN,$7.99 
03/22/23,JAN231765,RANDOM HOUSE BOOKS FOR YOUNG READERS,Pacey Packer Unicorn Tracker Volume 4 Dragon Rider GN,$7.99 
03/22/23,NOV221780,RED 5 COMICS,Atonement Bell #3 (Of 4),$3.95
03/22/23,DEC221613,RED 5 COMICS,Fallen #1,$3.95 
03/22/23,JAN231793,SCHIFFER PUBLISHING,Star Wars Super Collectors Wish Book Volume 2 Toys 1977-2022 HC,$39.99
03/22/23,JAN231792,SCHIFFER PUBLISHING,Star Wars Super Collectors Wish Book Volume 3 Merchandise Collectibles Toys 2011-22 HC,$39.99
03/22/23,JAN231823,SCOUT COMICS,Black Cotton Comic Tag Card,$6.99
03/22/23,JAN231825,SCOUT COMICS,By The Horns TP Comic Tag Card,$6.99
03/22/23,JAN231828,SCOUT COMICS,Cherry Blackbird Comic Tag Card,$6.99
03/22/23,JAN231803,SCOUT COMICS,Darkland #4 (Of 4),$4.99 
03/22/23,JAN231831,SCOUT COMICS,Forever Maps GN Comic Tag Card,$6.99
03/22/23,JAN238367,SCOUT COMICS,Mr. Easta #2 (2nd Printing Cover A Kit Wallis),$4.99 
03/22/23,JAN231834,SCOUT COMICS,Recount GN Comic Tag Card,$6.99
03/22/23,JAN238369,SCOUT COMICS,Road Trip To Hell #1 (2nd Printing Cover A Monika Maccagni),$4.99 
03/22/23,JAN231837,SCOUT COMICS,Sam And His Talking Gun TP Comic Tag Card,$6.99
03/22/23,DEC221644,SCOUT COMICS,She Bites Volume 1 TP,$14.99 
03/22/23,JAN231840,SCOUT COMICS,We Don't Kill Spiders Comic Tag Card,$6.99
03/22/23,JAN231820,SCOUT COMICS,We Wicked Ones #1 (Cover A David Mack),$4.99 
03/22/23,JAN231821,SCOUT COMICS,We Wicked Ones #1 (Cover B Paulo Mel),AR
03/22/23,JAN231843,SCOUT COMICS - SCOOT,Little Guardians Volume 1 Trail By Spirit Fire TP,$14.99 
03/22/23,JAN231846,SCOUT COMICS - SCOOT,Soulstream GN Comic Tag Card,$6.99
03/22/23,JUN229079,SEVEN SEAS ENTERTAINMENT,Ancient Magus' Bride Wizard's Blue Volume 6 GN,$12.99 
03/22/23,JUN229005,SEVEN SEAS ENTERTAINMENT,Arifureta From Commonplace To World's Strongest Volume 10 GN,$12.99 
03/22/23,JUN228896,SEVEN SEAS ENTERTAINMENT,Doughnuts Under A Crescent Moon Volume 4 GN,$13.99 
03/22/23,JUN229001,SEVEN SEAS ENTERTAINMENT,Duke Of Death And His Maid Volume 5 GN,$12.99 
03/22/23,JUN228930,SEVEN SEAS ENTERTAINMENT,Eccentric Doctor Of The Moon Flower Kingdom Volume 1 GN,$14.99 
03/22/23,JUN228900,SEVEN SEAS ENTERTAINMENT,His Majesty The Demon King's Housekeeper Volume 3 GN,$13.99 
03/22/23,JAN238813,SEVEN SEAS ENTERTAINMENT,I Didn't Mean To Fall In Love GN,$14.99 
03/22/23,JUN228995,SEVEN SEAS ENTERTAINMENT,Lazy Dungeon Master Volume 3 GN,$13.99 
03/22/23,JUN228997,SEVEN SEAS ENTERTAINMENT,My Repair Skill Became A Versatile Cheat So I Think I'll Open A Weapon Shop Volume 3 GN,$12.99 
03/22/23,JUN228935,SEVEN SEAS ENTERTAINMENT,Pulse Volume 3 GN,$19.99 
03/22/23,DEC228689,SEVEN SEAS ENTERTAINMENT,Skull Dragon's Precious Daughter Volume 1 GN,$13.99 
03/22/23,JUN228999,SEVEN SEAS ENTERTAINMENT,Tunnel To Summer The Exit Of Goodbyes Ultramarine Volume 3 GN,$12.99 
03/22/23,APR228770,SEVEN SEAS ENTERTAINMENT - AIRSHIP,Final Fantasy VII Remake Trace Of Two Pasts Novel HC,$24.99 
03/22/23,JUN228987,SEVEN SEAS ENTERTAINMENT - AIRSHIP,Mushoku Tensei Jobless Reincarnation Light Novel Volume 21 SC,$13.99 
03/22/23,JUN228988,SEVEN SEAS ENTERTAINMENT - AIRSHIP,Though I Am An Inept Villainess Tale Of The Butterfly-Rat Body Swap In The Maiden Court Volume 3 SC,$14.99 
03/22/23,JUN228520,SEVEN SEAS ENTERTAINMENT - AIRSHIP,Vivy Prototype Light Novel Volume 3 SC,$14.99 
03/22/23,JAN231855,SILVER SPROCKET,Comics For Choice Illustrated Abortion Stories TP (2nd Edition),$29.99 
03/22/23,DEC221658,SOURCE POINT PRESS,Adventures Of Cthulhu Jr. And Friends TP,$19.99 
03/22/23,JAN231871,SOURCE POINT PRESS,Ben Mortara And The Thieves Of The Golden Table #1 (Of 4),$4.99 
03/22/23,JAN231874,SOURCE POINT PRESS,Curse Of Cleaver County #1 (Cover A Kit Wallis),$4.99 
03/22/23,DEC229021,SOURCE POINT PRESS,Curse Of Cleaver County #1 (Cover B Garrett Gunn),AR
03/22/23,JAN231867,SOURCE POINT PRESS,Deep Dark #1 (Of 4),$4.99 
03/22/23,JAN231866,SOURCE POINT PRESS,Etheres #1,$4.99 
03/22/23,JAN231864,SOURCE POINT PRESS,Nightwalkers #3 (Of 5)(Cover A Joe Bocardo),$3.99 
03/22/23,JAN231865,SOURCE POINT PRESS,Nightwalkers #3 (Of 5)(Cover B Joe Bocardo Virgin Variant),$3.99 
03/22/23,JAN231868,SOURCE POINT PRESS,Zombicide Day One #3 (Of 4)(Cover A Fabio Babich & Tarek Moutran),$3.99 
03/22/23,JAN231869,SOURCE POINT PRESS,Zombicide Day One #3 (Of 4)(Cover B Riccardo Crosa),$3.99 
03/22/23,JUL229237,SQUARE ENIX BOOKS,Chocobo And The Airship A Final Fantasy Picture Book HC,$17.99 
03/22/23,JAN231880,SUMERIAN COMICS,Firstborns #4 (Of 5)(Cover A Luca Vassallo),$3.99 
03/22/23,JAN231881,SUMERIAN COMICS,Firstborns #4 (Of 5)(Cover B Luca Vassallo),$3.99 
03/22/23,JAN231879,SUMERIAN COMICS,Kingdom Come Deliverance Volume 1 TP,$16.99 
03/22/23,JAN231889,SUMERIAN COMICS,Popscars #1 (Of 6)(Cover A Santi Guillen),$3.99 
03/22/23,JAN231890,SUMERIAN COMICS,Popscars #1 (Of 6)(Cover B Santi Guillen),$3.99 
03/22/23,JAN231891,SUMERIAN COMICS,Popscars #1 (Of 6)(Cover C Santi Guillen),$3.99 
03/22/23,JAN231892,SUMERIAN COMICS,Popscars #1 (Of 6)(Cover D Santi Guillen),AR
03/22/23,JAN231893,SUMERIAN COMICS,Popscars #1 (Of 6)(Cover E Santi Guillen),AR
03/22/23,JAN231091,TITAN BOOKS,Life Is Strange Steph's Story Novel SC,$15.95
03/22/23,SEP228162,TITAN COMICS,Gun Honey Blood For Blood #3 (Of 4)(2nd Printing Cover A Junggeun Yoon Copic Variant),$3.99
03/22/23,JAN231084,TITAN COMICS,Moriarty A Clockwork Empire #2 (Cover A Claudia Caranfa),$4.99
03/22/23,JAN231085,TITAN COMICS,Moriarty A Clockwork Empire #2 (Cover B Stevan Subic),$4.99
03/22/23,JAN231086,TITAN COMICS,Moriarty A Clockwork Empire #2 (Cover C Heather Vaughan),$4.99
03/22/23,JUN222360,TOKYOPOP,Assassin's Creed Dynasty Volume 5 GN,$14.99 
03/22/23,JAN231907,TOYCOLLECTR,ToyCollectr Magazine #4,$14.99 
03/22/23,JAN231923,VALIANT ENTERTAINMENT,X-O Manowar Unconquered #1 (Cover A Liam Sharp),$3.99
03/22/23,JAN231924,VALIANT ENTERTAINMENT,X-O Manowar Unconquered #1 (Cover B Nimit Malavia),$3.99
03/22/23,JAN231925,VALIANT ENTERTAINMENT,X-O Manowar Unconquered #1 (Cover C Will Staehle),$3.99
03/22/23,JAN231926,VALIANT ENTERTAINMENT,X-O Manowar Unconquered #1 (Cover D Bob Layton Pre-Order Edition Variant),$3.99
03/22/23,JAN231927,VALIANT ENTERTAINMENT,X-O Manowar Unconquered #1 (Cover E Blank Variant),$3.99
03/22/23,JAN231929,VALIANT ENTERTAINMENT,X-O Manowar Unconquered #1 (Cover G Liam Sharp),AR
03/22/23,JAN231950,VAULT COMICS,Door To Door Night By Night #4 (Cover A Sally Cantirino & Dee Cunniffe),$4.99 
03/22/23,JAN231951,VAULT COMICS,Door To Door Night By Night #4 (Cover B Brian Hurtt),$4.99 
03/22/23,DEC221729,VAULT COMICS,Quest Aside Volume 1 TP,$17.99 
03/22/23,NOV221922,VAULT COMICS,Shadow Service Volume 3 TP,$17.99 
03/22/23,NOV221920,VAULT COMICS,West Of Sundown Volume 1 TP,$17.99 
03/22/23,JAN231959,VERSIFY,El Toro And Friends Volume 6 Tacos Today HC,$12.99
03/22/23,JAN231960,VISI8 ENTERTAINMENT,Changelings #2 (Of 7),$3.99 
03/22/23,JAN231961,VISI8 ENTERTAINMENT,Kara Guardian Of The Realms #2 (Of 11),$3.99
03/22/23,JAN232144,VIZ MEDIA,Alice In Borderland Volume 5 GN,$19.99 
03/22/23,JAN232145,VIZ MEDIA,Beast Complex Volume 2 GN,$12.99 
03/22/23,JAN232153,VIZ MEDIA,Children Of The Whales Volume 21 GN,$12.99 
03/22/23,JAN232147,VIZ MEDIA,Crazy Food Truck Volume 3 GN,$12.99 
03/22/23,JAN232142,VIZ MEDIA,Insomniacs After School Volume 1 GN,$12.99 
03/22/23,JAN232138,VIZ MEDIA,Jujutsu Kaisen Volume 19 GN,$9.99 
03/22/23,JAN232146,VIZ MEDIA,Mobile Suit Gundam Thunderbolt Volume 19 GN,$14.99 
03/22/23,JAN232149,VIZ MEDIA,Orochi The Perfect Edition Volume 4 GN,$26.99 
03/22/23,JAN232140,VIZ MEDIA,Spy x Family Volume 9 GN,$9.99 
03/22/23,DEC221886,YEN ON,Banished From The Hero's Party I Decided To Have A Quiet Life In The Countryside Light Novel Volume 8 SC,$15.00 
03/22/23,DEC221882,YEN ON,Executioner And Her Way Of Life Light Novel Volume 6 SC,$15.00 
03/22/23,DEC221880,YEN ON,Higehiro After Being Rejected I Shaved And Took In A High School Runaway Light Novel Volume 3 SC,$15.00 
03/22/23,DEC221877,YEN ON,Hollow Regalia Light Novel Volume 1 SC,$15.00 
03/22/23,DEC221878,YEN ON,Ishura The New Demon King War Light Novel Volume 3 SC,$15.00 
03/22/23,DEC221884,YEN ON,Our Last Crusade Or The Rise Of A New World Light Novel Volume 11 SC,$15.00 
03/22/23,DEC221888,YEN ON,Overlord Light Novel Volume 15 HC,$20.00 
03/22/23,DEC221883,YEN ON,Rascal Does Not Dream Of A Lost Singer Light Novel SC,$15.00 
03/22/23,DEC221885,YEN ON,Re:Zero Starting Life In Another World Light Novel Volume 21 SC,$15.00 
03/22/23,DEC221879,YEN ON,Secrets Of The Silent Witch Light Novel Volume 3 SC,$15.00 
03/22/23,NOV222069,YEN ON,Solo Leveling Light Novel Volume 7 SC,$15.00
03/22/23,DEC221889,YEN ON,Sword Art Online Light Novel Volume 26 SC,$15.00 
03/22/23,DEC221887,YEN ON,Wandering Witch The Journey Of Elaina Light Novel Volume 10 SC,$15.00 
03/22/23,DEC221872,YEN PRESS,Abandoned Empress Volume 4 GN,$20.00 
03/22/23,DEC221864,YEN PRESS,Banished From The Hero's Party I Decided To Live A Quiet Life In The Countryside Volume 4 GN,$13.00 
03/22/23,DEC221849,YEN PRESS,Call The Name Of The Night Volume 1 GN,$13.00 
03/22/23,DEC221856,YEN PRESS,Coffee Moon Volume 2 GN,$13.00 
03/22/23,DEC221868,YEN PRESS,Goblin Slayer Side Story II Dai Katana Volume 4 GN,$13.00 
03/22/23,DEC221859,YEN PRESS,Hirano And Kagiura Volume 2 GN,$13.00 
03/22/23,DEC221869,YEN PRESS,I Kept Pressing The 100-Million-Year Button and Came Out On Top Volume 2 GN,$13.00 
03/22/23,DEC221860,YEN PRESS,In The Land Of Leadale Volume 3 GN,$13.00 
03/22/23,DEC221870,YEN PRESS,Is It Wrong To Try To Pick Up Girls In A Dungeon II Volume 3 GN,$13.00 
03/22/23,DEC221865,YEN PRESS,I've Been Killing Slimes For 300 Years And Maxed Out My Level Volume 10 GN,$13.00 
03/22/23,DEC221853,YEN PRESS,Kiniro Mosaic Best Wishes GN,$17.00 
03/22/23,DEC221874,YEN PRESS,Love Of Kill Volume 11 GN,$13.00 
03/22/23,DEC221867,YEN PRESS,MonsTABOO Volume 3 GN,$13.00 
03/22/23,DEC221850,YEN PRESS,Otherworlder Exploring The Dungeon Volume 1 GN,$13.00 
03/22/23,DEC221873,YEN PRESS,Our Last Crusade Or The Rise Of A New World Volume 5 GN,$13.00 
03/22/23,DEC221875,YEN PRESS,Please Put Them On Takamine-san Volume 5 GN,$13.00 
03/22/23,DEC221871,YEN PRESS,Re:Zero Starting Life In Another World The Frozen Bond Volume 3 GN,$13.00 
03/22/23,DEC221863,YEN PRESS,Shadows House Volume 3 GN,$13.00 
03/22/23,DEC221862,YEN PRESS,She Loves To Cook And She Loves To Eat Volume 2 GN,$15.00 
03/22/23,DEC221858,YEN PRESS,Shy Volume 2 GN,$13.00 
03/22/23,DEC221866,YEN PRESS,So What's Wrong With Getting Reborn As A Goblin Volume 2 GN,$13.00 
03/22/23,DEC221857,YEN PRESS,Studio Apartment Good Lighting Angel Included Volume 2 GN,$13.00 
03/22/23,DEC221854,YEN PRESS,Touring After The Apocalypse Volume 2 GN,$13.00 
03/22/23,DEC221852,YEN PRESS,Villainess Stans The Heroes Playing the Antagonist To Support Her Faves Volume 1 GN,$13.00 
03/22/23,DEC221876,YEN PRESS,Yowamushi Pedal Volume 22 GN,$24.00 
03/22/23,JAN232004,ZENESCOPE ENTERTAINMENT,Belle From Beyond #1 (Cover A Brandon Peterson),$5.99 
03/22/23,JAN232005,ZENESCOPE ENTERTAINMENT,Belle From Beyond #1 (Cover B Igor Vitorino),$5.99 
03/22/23,JAN232006,ZENESCOPE ENTERTAINMENT,Belle From Beyond #1 (Cover C John Royle),$5.99 
03/22/23,JAN232007,ZENESCOPE ENTERTAINMENT,Belle From Beyond #1 (Cover D Ignacio Noe),$5.99 
03/22/23,DEC221792,ZENESCOPE ENTERTAINMENT,Phoenix Files #2 (Of 3)(Cover A Drew Edward Johnson),$5.99 
03/22/23,DEC221793,ZENESCOPE ENTERTAINMENT,Phoenix Files #2 (Of 3)(Cover B Igor Vitorino),$5.99 
03/22/23,DEC221794,ZENESCOPE ENTERTAINMENT,Phoenix Files #2 (Of 3)(Cover C Pierluigi Abbondanza),$5.99 
03/22/23,DEC221795,ZENESCOPE ENTERTAINMENT,Phoenix Files #2 (Of 3)(Cover D Anthony Spay),$5.99 
03/22/23,JUL229004,Games - PAIZO,Campaign Builder Cities And Towns HC (5th Edition),AR
03/22/23,JUL229006,Games - PAIZO,Campaign Builder Cities And Towns Map Folio SC,AR
03/22/23,JUN229170,Games - SQUARE ENIX,Final Fantasy Trading Card Game Final Fantasy XIII Custom Starter Set,AR
03/22/23,SEP228211,Merchandise,Articulated Icons Arms Hands Wraps Flesh Pack,AR
03/22/23,SEP228212,Merchandise,Articulated Icons Ninja Weapons Pack,AR
03/22/23,MAY228601,Merchandise,Batman Animated Batman Redux 1/6 Scale Collectible Figure (Regular Edition),AR
03/22/23,MAY228602,Merchandise,Batman Animated Joker 1/6 Scale Collectible Figure (Regular Edition),AR
03/22/23,MAR228515,Merchandise,Bob Ross Toony Classic Bob Ross With Overalls 6 Inch Action Figure,AR
03/22/23,MAR228422,Merchandise,Bob Ross Toony Classic Bob Ross With Racoon 6 Inch Action Figure,AR
03/22/23,JUL229188,Merchandise,Boys Series Starlight 1/6 Action Figure (Deluxe Version),AR
03/22/23,JUL229187,Merchandise,Boys Series Starlight 1/6 Scale Action Figure,AR
03/22/23,JUN228010,Merchandise,Dark Crystal Crystal Shard 1/1 Scale Prop Replica,AR
03/22/23,APR228391,Merchandise,Dark Crystal Garthim 1/6 Scale Statue,AR
03/22/23,DEC228654,Merchandise,DC Direct Aquaman Wave 3 Aqualad 7 Inch Action Figure With Comic,AR
03/22/23,DEC228652,Merchandise,DC Direct Aquaman Wave 3 Aquaman 7 Inch Action Figure With Comic,AR
03/22/23,DEC228651,Merchandise,DC Direct Aquaman Wave 3 Black Manta 7 Inch Action Figure With Comic,AR
03/22/23,DEC228653,Merchandise,DC Direct Aquaman Wave 3 Ocean Master 7 Inch Action Figure With Comic,AR
03/22/23,NOV228312,Merchandise,DC Gaming 7 Inch Scale AK Earth-2 Batman Wave 9 Action Figure,AR
03/22/23,NOV228313,Merchandise,DC Gaming 7 Inch Scale Riddler Wave 9 Action Figure,AR
03/22/23,NOV228311,Merchandise,DC Gaming 7 Inch Scale Wave 9 Action Figure Assortment,AR
03/22/23,NOV228310,Merchandise,DC Multiverse 7 Inch Dark Nights Metal Gladiator Batman Action Figure,AR
03/22/23,NOV228308,Merchandise,DC Multiverse 7 Inch Flash Jay Garrick Action Figure,AR
03/22/23,NOV228139,Merchandise,DC Multiverse 7 Inch Infinite Frontier Joker Action Figure,AR
03/22/23,NOV228306,Merchandise,DC Multiverse 7 Inch Kon-El Superboy Action Figure,AR
03/22/23,NOV228307,Merchandise,DC Multiverse 7 Inch The Signal Duke Thomas Action Figure,AR
03/22/23,DEC228650,Merchandise,DC Multiverse Hush Batman 12 Inch Statue,AR
03/22/23,MAR229371,Merchandise,Disney Princess Series Bust-004 Ariel PVC Bust,AR
03/22/23,MAR229372,Merchandise,Disney Princess Series Bust-005 Jasmine PVC Bust,AR
03/22/23,MAR229373,Merchandise,Disney Princess Series Bust-006 Belle PVC Bust,AR
03/22/23,MAR229374,Merchandise,Disney Princess Series Bust-007 Rapunzel PVC Bust,AR
03/22/23,JUL218006,Merchandise,Dungeons And Dragons 3 Plush Charms Wave 1 Display (24 Count),AR
03/22/23,JUN228078,Merchandise,Five Nights At Freddy's Snap Nightmare Bonnie Figure,AR
03/22/23,JUN228079,Merchandise,Five Nights At Freddy's Snap Nightmare Chica And Toy Chica 2 Pack,AR
03/22/23,JUN228080,Merchandise,Five Nights At Freddy's Snap Nightmare Security Room Playset,AR
03/22/23,MAY229302,Merchandise,Game Of Thrones Sandor The Hound Clegane 1/6 Scale Figure,AR
03/22/23,JUN228824,Merchandise,Gamera 2 Legion Defo Real Soft Vinyl,AR
03/22/23,MAR228516,Merchandise,Gargoyles Bronx With Goliath Acessory 7 Inch Action Figure,AR
03/22/23,MAR228424,Merchandise,Gargoyles Demona 7 Inch Action Figure,AR
03/22/23,APR228864,Merchandise,Godzilla 2019 Toho Kaiju Series King Ghidora PVC Figure,AR
03/22/23,JUL228248,Merchandise,Godzilla Final Wars 2004 Monster X Defo Real Soft Vinyl,AR
03/22/23,MAY222199,Merchandise,Green Hornet Deluxe Kato Action Figure,AR
03/22/23,FEB229600,Merchandise,Hogwarts Goblet Mug,AR
03/22/23,DEC219541,Merchandise,How To Train Your Dragon Toothless Vinyl Piggy Bank,AR
03/22/23,MAY228024,Merchandise,Living Dead Dolls Presents Creepshow 1982 Father's Day Doll,AR
03/22/23,JUL228231,Merchandise,Lord Of The Rings Key To Bag End 1/1 Scale Prop Replica,AR
03/22/23,NOV218468,Merchandise,Marvel Comics EAA-139 Green Goblin Action Figure,AR
03/22/23,AUG222405,Merchandise,Marvel Select Apocalypse Action Figure,AR
03/22/23,JUN228006,Merchandise,Mini Epics Lord Of The Rings Frodo Baggins Redux Vinyl Figure,AR
03/22/23,JUN228008,Merchandise,Mini Epics Lord Of The Rings Treebeard Vinyl Figure,AR
03/22/23,MAR229558,Merchandise,Mini Epics Stranger Things Season 1 Will Byers Vinyl Figure,AR
03/22/23,JUL228091,Merchandise,Mystery Minis I Am Groot Series 1 12 Piece Blind Mystery Box Display,AR
03/22/23,JUL228470,Merchandise,Naruto Shippuden Epic 1/6 Scale God Of Shinobi Hashirama Statue,AR
03/22/23,MAR219163,Merchandise,One-12 Collective Marvel Bishop Action Figure,AR
03/22/23,JUL228092,Merchandise,Pocket POP I Am Groot PJs With Book Keychain,AR
03/22/23,JUL228094,Merchandise,Pocket POP I Am Groot With Cheese Puffs Keychain,AR
03/22/23,JUL228098,Merchandise,Pocket POP My Hero Academia Kurogiri FS Keychain,AR
03/22/23,JUN228105,Merchandise,POP Albums Biggie Smalls Born Again Vinyl Figure,AR
03/22/23,JUL228107,Merchandise,POP Albums Sir Mix-A-Lot Mack Daddy Vinyl Figure,AR
03/22/23,JUN228107,Merchandise,POP Animation Hanna Barbera Daffy As Shaggy Vinyl Figure,AR
03/22/23,JUN228108,Merchandise,POP Animation Hanna Barbera Lola As Daphne Vinyl Figure,AR
03/22/23,JUN228109,Merchandise,POP Animation Hanna Barbera Taz As Scooby Vinyl Figure,AR
03/22/23,SEP218574,Merchandise,POP Animation HunterxHunter Netero Vinyl Figure,AR
03/22/23,JUL228118,Merchandise,POP Deluxe My Hero Academia Kurogiri Hideout Vinyl Figure,AR
03/22/23,JAN228599,Merchandise,POP Deluxe Nightcrawler Teleporting Glow In The Dark Previews Exclusive Vinyl Figure,AR
03/22/23,JUL228110,Merchandise,POP Disney 100th Anniversary Aurora Vinyl Figure,AR
03/22/23,JUL228111,Merchandise,POP Disney 100th Anniversary Bert Vinyl Figure,AR
03/22/23,JUL228112,Merchandise,POP Disney 100th Anniversary Cinderella Vinyl Figure,AR
03/22/23,JUL228113,Merchandise,POP Disney 100th Anniversary Elsa Vinyl Figure,AR
03/22/23,JUL228114,Merchandise,POP Disney 100th Anniversary Mary Poppins Vinyl Figure,AR
03/22/23,JUL228115,Merchandise,POP Disney 100th Anniversary Mirabel Glow In The Dark Vinyl Figure,AR
03/22/23,JUL228116,Merchandise,POP Disney 100th Anniversary Tiana Vinyl Figure,AR
03/22/23,JUL228117,Merchandise,POP Disney 100th Anniversary Walt With Dumbo And Tim Vinyl Figure,AR
03/22/23,JUL228136,Merchandise,POP Marvel I Am Groot Groot Marie Hair Vinyl Figure,AR
03/22/23,JUL228137,Merchandise,POP Marvel I Am Groot Groot PJs Dancing Vinyl Figure,AR
03/22/23,JUL228138,Merchandise,POP Marvel I Am Groot Groot PJs With Book Vinyl Figure,AR
03/22/23,JUL228139,Merchandise,POP Marvel I Am Groot Groot PJs With Cheese Puffs Vinyl Figure,AR
03/22/23,JUL228140,Merchandise,POP Marvel I Am Groot Groot PJs With Detonator Vinyl Figure,AR
03/22/23,JUL228141,Merchandise,POP Marvel I Am Groot Groot PJs With Grunds Vinyl Figure,AR
03/22/23,JUL228142,Merchandise,POP Moments Disney 100th Anniversary Rapunzel And Flynn Vinyl Figure,AR
03/22/23,MAR229771,Merchandise,POP Movie Luck Bob Vinyl Figure,AR
03/22/23,MAR229774,Merchandise,POP Movie Luck Sam With Chase Vinyl Figure,AR
03/22/23,JUL228146,Merchandise,PO P Movie Poster Disney Alice In Wonderland Vinyl Figure,AR
03/22/23,JUL228147,Merchandise,POP Movie Poster Disney Cinderella Vinyl Figure,AR
03/22/23,JUL228149,Merchandise,POP Movies Dungeons And Dragons 2023 Doric Vinyl Figure,AR
03/22/23,JUL228150,Merchandise,POP Movies Dungeons And Dragons 2023 Edgin Vinyl Figure,AR
03/22/23,JUL228151,Merchandise,POP Movies Dungeons And Dragons 2023 Forge Vinyl Figure,AR
03/22/23,JUL228152,Merchandise,POP Movies Dungeons And Dragons 2023 Holga Vinyl Figure,AR
03/22/23,JUL228153,Merchandise,POP Movies Dungeons And Dragons 2023 Simon Vinyl Figure,AR
03/22/23,JUL228154,Merchandise,POP Movies Dungeons And Dragons 2023 Xenk Vinyl Figure,AR
03/22/23,JUN228166,Merchandise,POP Ride Super Deluxe Hannabarbera Mystery Machine With Bugs Vinyl Figure,AR
03/22/23,FEB229968,Merchandise,POP Rocks Flavor Flav Vinyl Figure,AR
03/22/23,MAR229792,Merchandise,POP Rocks Megadeath Vic Rattlehead Vinyl Figure,AR
03/22/23,JUN228168,Merchandise,POP Rocks Pantera 4 Pack Vinyl Figure,AR
03/22/23,MAR229793,Merchandise,POP Rocks Twiztid 2 Pack Vinyl Figure,AR
03/22/23,JUN228176,Merchandise,POP Super Attack On Titan Season 4 Cart Titan Vinyl Figure,AR
03/22/23,JUL228202,Merchandise,POP TV Gilligan's Island Gilligan Vinyl Figure,AR
03/22/23,JUL228203,Merchandise,POP TV Gilligan's Island Ginger Vinyl Figure,AR
03/22/23,JUL228204,Merchandise,POP TV Gilligan's Island Lovey Vinyl Figure,AR
03/22/23,JUL228205,Merchandise,POP TV Gilligan's Island Mary Ann Vinyl Figure,AR
03/22/23,JUL228206,Merchandise,POP TV Gilligan's Island Professor With Radio Vinyl Figure,AR
03/22/23,JUL228207,Merchandise,POP TV Gilligan's Island The Skipper Vinyl Figure,AR
03/22/23,JUL228208,Merchandise,POP TV Gilligan's Island Thurston Vinyl Figure,AR
03/22/23,JUN228183,Merchandise,POP WWE Bianca Belair Wrestlemania 38 Vinyl Figure,AR
03/22/23,MAY228326,Merchandise,Ray Harryhausen's Centaur Soft Vinyl Statue,AR
03/22/23,MAY228327,Merchandise,Ray Harryhausen's Centaur Soft Vinyl Statue (Deluxe Version),AR
03/22/23,APR228128,Merchandise,Ray Harryhausen's Cyclops 1/8 Scale Unpainted Plastic Model Kit,AR
03/22/23,MAY229653,Merchandise,Ray Harryhausen's Gwangi Soft Vinyl Model Kit,AR
03/22/23,MAY229300,Merchandise,Ray Harryhausen's Medusa Soft Vinyl Statue,AR
03/22/23,MAY229301,Merchandise,Ray Harryhausen's Medusa Soft Vinyl Statue (Deluxe Version),AR
03/22/23,MAY228660,Merchandise,Robo-Dou Tekkaman Blade Figure (Retail Edition),AR
03/22/23,MAR229106,Merchandise,Star Wars EAA-161 Death Trooper Action Figure,AR
03/22/23,MAY228693,Merchandise,Star Wars EAA-162 Shoretrooper Action Figure,AR
03/22/23,MAR229375,Merchandise,Star Wars EAA-163 Darth Vader Action Figure,AR
03/22/23,APR228022,Merchandise,Star Wars EAA-164 Stormtrooper Action Figure,AR
03/22/23,MAR228426,Merchandise,Teenage Mutant Ninja Turtles Mirage Comics Fugitoid 7 Inch Action Figure,AR
03/22/23,MAY229273,Merchandise,Thor Love And Thunder LS-090 Mjolnir Life Size Statue,AR
03/22/23,MAY228658,Merchandise,Toon Tumblers Moon Knight Mr. Knight Pint Glass,AR
03/22/23,MAY228659,Merchandise,Toon Tumblers Moon Knight Pint Glass,AR
03/22/23,AUG228514,Merchandise,Transformers MDLX Cliffjumper Previews Exclusive Small Scale Articulated Figure,AR
03/22/23,DEC228392,Merchandise,Universal Monsters Dracula Carfax Abbey Ultimate 7 Inch Action Figure,AR
03/22/23,MAY228855,Merchandise,Universal Monsters Retro Glow In The Dark 7 Inch Action Figure Assortment,AR
03/22/23,MAY229797,Merchandise,Vampirella 2.0 1/8 Scale Plastic Model Kit (Jose Gonzalez Edition),AR
03/22/23,MAR229073,Merchandise,Vinyl Soda Icon NASA Astronaut With Chase Vinyl Figure,AR
03/22/23,JUL228222,Merchandise,Vinyl Soda Marvel What If Loki Frost Giant With Chase Vinyl Figure,AR
03/22/23,JUL228226,Merchandise,Vinyl Soda Marvel What If Star-Lord Tchalla With Chase Vinyl Figure,AR
03/22/23,JUL228227,Merchandise,Vinyl Soda Marvel What If Strange Supreme With Chase Vinyl Figure,AR
03/22/23,MAR229084,Merchandise,Vinyl Soda Star Wars Obi-Wan With Chase Vinyl Figure,AR
03/22/23,JAN228841,Merchandise,Vinyl Soda Star Wars Padme With Chase Vinyl Figure,AR
03/22/23,MAR229088,Merchandise,Vinyl Soda The Nightmare Before Christmas Mayor Blacklight With Chase Vinyl Figure,AR
03/22/23,OCT218154,Merchandise,Walking Dead Maggie Rhee 1/6 Scale Action Figure,AR
03/22/23,OCT220510,Merchandise,Witcher 3 The Wild Hunt Geralt Toussaint Tourney Armor Figure,AR
03/22/23,OCT220512,Merchandise,Witcher 3 The Wild Hunt Imlerith Figure,AR
03/22/23,OCT220511,Merchandise,Witcher 3 The Wild Hunt Vesemir Figure,AR
03/22/23,AUG228261,Merchandise,Wonders Of The Wild Series T-Rex Polyresin Statue (Deluxe Version),AR
03/22/23,OCT228334,Merchandise,X-Men Legends 60th Anniversary Storm/Forge/Jubilee 6 Inch Action Figure 3 Pack,AR

